"21CDD8XMB3Q3AP0X0HKODT4E045QFU","Bibliographic Labeling"," ","2VW2J1LY58B73XMMC36KOD166JVR63","A2O543PJ8110HB","Approved","Sun May 13 12:28:24 PDT 2012","Sun May 13 12:29:24 PDT 2012",0,6,6,6,6,0,6,6,6,6
"21CDD8XMB3Q3AP0X0HKODT4E045QFU","Bibliographic Labeling"," ","2WEEGOOGQSCM78AWWF5I1UU08TTEE0","A1SOTDKP7FMZUK","Approved","Mon May 14 11:41:03 PDT 2012","Mon May 14 11:42:44 PDT 2012",0,6,0,2,2,0,2,6,6,6
"21CDD8XMB3Q3AP0X0HKODT4E045QFU","Bibliographic Labeling"," ","22NQ8H88MQU6MVOXPZ91YXX4INOS97","AWL4GVQNG6AOW","Approved","Mon May 14 12:58:17 PDT 2012","Mon May 14 12:59:50 PDT 2012",5,6,5,5,5,0,5,2,5,5
"21CDD8XMB3Q3AP0X0HKODT4E045QFU","Bibliographic Labeling"," ","2OJ9Y8TNKIMZTC5694J2VM0PO0K9W3","A2J237J8KM3OCS","Approved","Mon May 14 13:00:53 PDT 2012","Mon May 14 13:01:57 PDT 2012",0,6,6,6,1,6,6,6,6,6
"21CDD8XMB3Q3AP0X0HKODT4E045QFU","Bibliographic Labeling"," ","2SMB2YU98JHSUBBPFN6BQ9IOJQ3NBO","A3A7VZ2Z5EU18R","Approved","Wed May 16 16:39:19 PDT 2012","Wed May 16 16:40:32 PDT 2012",2,6,2,2,2,0,2,6,6,6
"21CDD8XMB3Q3AP0X0HKODT4E045QFU",,,,,,,,2,6,2,2,2,0,2,6,6,6
"2ZS0RYNJ92NJLC0R59AT1HYW7S5A5O","Bibliographic Labeling"," ","2NHGFL6VCPWZAHNZQ5FV8S7SV5V7M5","A2O543PJ8110HB","Approved","Sat May 12 12:36:01 PDT 2012","Sat May 12 12:37:22 PDT 2012",6,6,6,6,6,1,6,6,6,6
"2ZS0RYNJ92NJLC0R59AT1HYW7S5A5O","Bibliographic Labeling"," ","2JM8P9Y38TWWY83EOL9M7JTAOSAZI1","AWL4GVQNG6AOW","Approved","Mon May 14 13:03:58 PDT 2012","Mon May 14 13:05:22 PDT 2012",5,2,2,5,5,2,5,5,2,5
"2ZS0RYNJ92NJLC0R59AT1HYW7S5A5O","Bibliographic Labeling"," ","259VKCJ011K28UJT37HWD18NCBZA84","A2J237J8KM3OCS","Approved","Mon May 14 13:10:03 PDT 2012","Mon May 14 13:11:05 PDT 2012",6,0,0,6,6,1,6,6,6,6
"2ZS0RYNJ92NJLC0R59AT1HYW7S5A5O","Bibliographic Labeling"," ","2TLUHYW2GTP9S07EZJD1D9YSWLJMRL","A3A7VZ2Z5EU18R","Approved","Tue May 15 13:05:22 PDT 2012","Tue May 15 13:06:54 PDT 2012",6,2,2,2,2,4,6,6,6,6
"2ZS0RYNJ92NJLC0R59AT1HYW7S5A5O","Bibliographic Labeling"," ","268KCCVLL3CA4TM34CH4J9NQ2GEX7S","A1SOTDKP7FMZUK","Approved","Fri May 18 11:42:22 PDT 2012","Fri May 18 11:43:11 PDT 2012",6,0,2,2,2,6,6,6,6,6
"2ZS0RYNJ92NJLC0R59AT1HYW7S5A5O",,,,,,,,6,2,2,2,2,2,6,6,6,6
"2DG2AOO2GMMEHEO2KF3MDIAA74R66B","Bibliographic Labeling"," ","291O9Z6KW4ZMBPH3LECFX0ONV0I5EE","AWL4GVQNG6AOW","Approved","Mon May 14 23:22:03 PDT 2012","Mon May 14 23:25:43 PDT 2012",6,6,2,2,2,2,6,6,0,2
"2DG2AOO2GMMEHEO2KF3MDIAA74R66B","Bibliographic Labeling"," ","2AYUFBNFSVGUM53VZFN6UG1F09Z5JM","A2O543PJ8110HB","Approved","Tue May 15 12:50:29 PDT 2012","Tue May 15 12:51:26 PDT 2012",6,6,6,6,6,6,6,6,0,0
"2DG2AOO2GMMEHEO2KF3MDIAA74R66B","Bibliographic Labeling"," ","2B4STMOFXRDS58CN8L4N4JFM97MRUI","A3A7VZ2Z5EU18R","Approved","Tue May 15 12:58:22 PDT 2012","Tue May 15 13:04:19 PDT 2012",6,6,6,6,6,6,6,6,2,2
"2DG2AOO2GMMEHEO2KF3MDIAA74R66B","Bibliographic Labeling"," ","2WFCWYB49F9STIHJVOAOUST5PBRPTX","A2J237J8KM3OCS","Approved","Tue May 15 13:10:06 PDT 2012","Tue May 15 13:10:50 PDT 2012",6,6,6,6,6,6,6,6,0,0
"2DG2AOO2GMMEHEO2KF3MDIAA74R66B","Bibliographic Labeling"," ","2NE25L8I9NZW77EL0B54XW7TGEQTJA","A1SOTDKP7FMZUK","Approved","Thu May 17 12:23:43 PDT 2012","Thu May 17 12:24:23 PDT 2012",6,6,6,6,6,6,6,6,0,2
"2DG2AOO2GMMEHEO2KF3MDIAA74R66B",,,,,,,,6,6,6,6,6,6,6,6,2,2
"20QEBDPGFL6VDFWL3EED3IOV64K3IW","Bibliographic Labeling"," ","2VCH1Q6SVQ8H9YMCOTC5VBVCQ7S3MN","AWL4GVQNG6AOW","Approved","Tue May 15 07:24:20 PDT 2012","Tue May 15 07:25:59 PDT 2012",5,6,7,7,2,2,2,2,5,5
"20QEBDPGFL6VDFWL3EED3IOV64K3IW","Bibliographic Labeling"," ","2N0XMB3Q39Z0CWUFITK4LVST3XVITD","A2O543PJ8110HB","Approved","Tue May 15 12:51:27 PDT 2012","Tue May 15 12:52:24 PDT 2012",0,6,7,7,6,6,6,6,6,6
"20QEBDPGFL6VDFWL3EED3IOV64K3IW","Bibliographic Labeling"," ","239V8ER9Y8TNL8MLM9WKMHS2WSCS5P","A3A7VZ2Z5EU18R","Approved","Tue May 15 13:04:22 PDT 2012","Tue May 15 13:05:18 PDT 2012",2,6,6,6,6,6,6,6,6,6
"20QEBDPGFL6VDFWL3EED3IOV64K3IW","Bibliographic Labeling"," ","2E66AUBXHWSH85LV3I2Z3DRL5BL3ZF","A2J237J8KM3OCS","Approved","Tue May 15 13:10:51 PDT 2012","Tue May 15 13:12:14 PDT 2012",0,6,7,7,6,6,6,6,6,6
"20QEBDPGFL6VDFWL3EED3IOV64K3IW","Bibliographic Labeling"," ","2E70OHOVR14IYAOOFWTHLCWAE4G56J","A1SOTDKP7FMZUK","Approved","Wed May 16 08:28:23 PDT 2012","Wed May 16 08:29:56 PDT 2012",2,6,6,6,6,6,6,6,6,6
"20QEBDPGFL6VDFWL3EED3IOV64K3IW",,,,,,,,2,6,6,6,6,6,6,6,6,6
"20QEBDPGFL6VDFWL3EED3IOV64JI3A","Bibliographic Labeling"," ","2DLVOK5UFJ51ZXQ0IM6YXS1C0VW69Y","A1SOTDKP7FMZUK","Approved","Sat May 12 06:28:11 PDT 2012","Sat May 12 06:29:19 PDT 2012",2,2,2,2,2,2,2,2,2,2
"20QEBDPGFL6VDFWL3EED3IOV64JI3A","Bibliographic Labeling"," ","240Y1THV8ER9ZYT9E5DZZM5KNMV1O8","A2O543PJ8110HB","Approved","Mon May 14 11:42:24 PDT 2012","Mon May 14 11:43:59 PDT 2012",0,0,7,7,0,0,0,0,6,6
"20QEBDPGFL6VDFWL3EED3IOV64JI3A","Bibliographic Labeling"," ","2SSOUQIHPCGJ332NIQN54H0JXUX06H","A2J237J8KM3OCS","Approved","Mon May 14 13:11:38 PDT 2012","Mon May 14 13:12:16 PDT 2012",6,0,7,7,6,6,6,6,6,6
"20QEBDPGFL6VDFWL3EED3IOV64JI3A","Bibliographic Labeling"," ","2XBKM05BMJTUIOWOAGG9YA7SD33EJ3","A3A7VZ2Z5EU18R","Approved","Wed May 16 11:20:13 PDT 2012","Wed May 16 11:22:08 PDT 2012",6,2,6,6,6,6,6,6,6,6
"20QEBDPGFL6VDFWL3EED3IOV64JI3A","Bibliographic Labeling"," ","2PB51Y7QEOZFZGSN6FKMVFXRL2VDGL","A20M9R65VFYZGM","Approved","Sat May 19 23:02:20 PDT 2012","Sat May 19 23:13:41 PDT 2012",6,2,6,6,6,6,6,6,6,6
"20QEBDPGFL6VDFWL3EED3IOV64JI3A",,,,,,,,6,2,6,6,6,6,6,6,6,6
"2LOOQ1SNQQ7Q7X0RVDBCUR12Y2O7R8","Bibliographic Labeling"," ","2TUD21O3W5XH19PBM5TK5EPL0UYAG6","AWL4GVQNG6AOW","Approved","Mon May 14 23:09:20 PDT 2012","Mon May 14 23:11:18 PDT 2012",7,6,2,2,2,2,2,2,5,2
"2LOOQ1SNQQ7Q7X0RVDBCUR12Y2O7R8","Bibliographic Labeling"," ","24IIHPCGJ2D22E3IZK80QPPSQ8W39Z","A2O543PJ8110HB","Approved","Tue May 15 12:52:24 PDT 2012","Tue May 15 12:53:05 PDT 2012",7,6,6,6,6,6,6,6,6,6
"2LOOQ1SNQQ7Q7X0RVDBCUR12Y2O7R8","Bibliographic Labeling"," ","2DVFDEY5COW0M6RLXV3RMLC63T63UQ","A2J237J8KM3OCS","Approved","Tue May 15 13:07:39 PDT 2012","Tue May 15 13:08:15 PDT 2012",7,6,6,6,6,6,6,6,6,6
"2LOOQ1SNQQ7Q7X0RVDBCUR12Y2O7R8","Bibliographic Labeling"," ","2VNWJ5OPB0YVHP8KGJ27LP9UB7P5XL","A3A7VZ2Z5EU18R","Approved","Tue May 15 19:39:45 PDT 2012","Tue May 15 19:41:02 PDT 2012",6,6,6,6,6,6,6,6,6,6
"2LOOQ1SNQQ7Q7X0RVDBCUR12Y2O7R8","Bibliographic Labeling"," ","2LDYHVI44OS2LBUU7A5ZZBAPDI3Y4W","A1SOTDKP7FMZUK","Approved","Wed May 16 02:03:29 PDT 2012","Wed May 16 02:04:02 PDT 2012",6,6,6,6,6,6,6,6,6,6
"2LOOQ1SNQQ7Q7X0RVDBCUR12Y2O7R8",,,,,,,,6,6,6,6,6,6,6,6,6,6
"2AOYTWX4H3H2Q14Z3W7IDIJRGHH4ZE","Bibliographic Labeling"," ","22EEZZ2MIKMNAK8B3LU80WWXQ7VO7Q","A2O543PJ8110HB","Approved","Sun May 13 12:17:06 PDT 2012","Sun May 13 12:17:56 PDT 2012",6,3,3,3,3,0,3,6,6,0
"2AOYTWX4H3H2Q14Z3W7IDIJRGHH4ZE","Bibliographic Labeling"," ","26TINMHGYQ4J4DAX0Y6MMFOY6NYL8X","AWL4GVQNG6AOW","Approved","Mon May 14 13:10:16 PDT 2012","Mon May 14 13:12:12 PDT 2012",6,3,3,3,3,0,3,2,2,0
"2AOYTWX4H3H2Q14Z3W7IDIJRGHH4ZE","Bibliographic Labeling"," ","2GJ70G5R98D8KTV01JJS0NYCO8SCS9","A2J237J8KM3OCS","Approved","Mon May 14 13:24:25 PDT 2012","Mon May 14 13:25:03 PDT 2012",6,3,3,3,3,6,3,6,6,0
"2AOYTWX4H3H2Q14Z3W7IDIJRGHH4ZE","Bibliographic Labeling"," ","25GK5UFJ51Y7R4OL9LHS8CSTUTS8B5","A3A7VZ2Z5EU18R","Approved","Mon May 14 16:56:45 PDT 2012","Mon May 14 17:01:34 PDT 2012",6,3,3,3,3,6,3,2,2,2
"2AOYTWX4H3H2Q14Z3W7IDIJRGHH4ZE","Bibliographic Labeling"," ","21QNJ92NJKM061M5NH8Y32GTXIW8DC","A1SOTDKP7FMZUK","Approved","Fri May 18 02:53:33 PDT 2012","Fri May 18 02:54:10 PDT 2012",6,3,3,3,3,6,3,6,6,2
"2AOYTWX4H3H2Q14Z3W7IDIJRGHH4ZE",,,,,,,,6,3,3,2,3,6,2,6,6,2
"2BXJ51Y7QEOZGOQEVZJTTOFXWP4FCE","Bibliographic Labeling"," ","2H1KQW618N46VNFY7RWXJETNLWQOM1","A2O543PJ8110HB","Approved","Sun May 13 12:26:25 PDT 2012","Sun May 13 12:27:27 PDT 2012",3,6,7,3,0,3,6,7,6,6
"2BXJ51Y7QEOZGOQEVZJTTOFXWP4FCE","Bibliographic Labeling"," ","2T0EBDPGFL6VDFWL3EED3IOV9XD3IA","AWL4GVQNG6AOW","Approved","Mon May 14 13:05:53 PDT 2012","Mon May 14 13:07:16 PDT 2012",3,2,7,3,5,3,2,7,2,5
"2BXJ51Y7QEOZGOQEVZJTTOFXWP4FCE","Bibliographic Labeling"," ","2WS5BMJTUHYW36TB3E17Z5WM9BGHMC","A2J237J8KM3OCS","Approved","Mon May 14 13:23:48 PDT 2012","Mon May 14 13:24:24 PDT 2012",3,1,7,3,6,3,1,7,6,6
"2BXJ51Y7QEOZGOQEVZJTTOFXWP4FCE","Bibliographic Labeling"," ","2PC0COK2JE1M8FK638IWDOZAK5GMTW","A3A7VZ2Z5EU18R","Approved","Mon May 14 16:38:10 PDT 2012","Mon May 14 16:40:42 PDT 2012",3,4,6,3,6,3,4,6,2,2
"2BXJ51Y7QEOZGOQEVZJTTOFXWP4FCE","Bibliographic Labeling"," ","24DRGNTBJ3MMEN51JUE69KHBHURV9U","A1SOTDKP7FMZUK","Approved","Thu May 17 10:33:09 PDT 2012","Thu May 17 10:34:12 PDT 2012",3,6,6,3,6,3,6,6,6,6
"2BXJ51Y7QEOZGOQEVZJTTOFXWP4FCE",,,,,,,,3,5,6,3,6,3,5,6,6,6
"2UVP8PJWKUDD9NMXXDU960B6Z518J5","Bibliographic Labeling"," ","22KZVXX2Q45UVAQAS3EI31NSGT7Q8D","AWL4GVQNG6AOW","Approved","Mon May 14 23:18:00 PDT 2012","Mon May 14 23:19:39 PDT 2012",7,6,6,3,3,7,3,3,3,3
"2UVP8PJWKUDD9NMXXDU960B6Z518J5","Bibliographic Labeling"," ","27MYT3DHJHP4C3D6ARP8YSX958D1UF","A1SOTDKP7FMZUK","Approved","Tue May 15 03:36:15 PDT 2012","Tue May 15 03:36:49 PDT 2012",6,6,6,3,3,6,3,3,1,3
"2UVP8PJWKUDD9NMXXDU960B6Z518J5","Bibliographic Labeling"," ","2SDKH1Q6SVQ8IY88KHXLCOBVKOE2LL","A2O543PJ8110HB","Approved","Tue May 15 12:54:38 PDT 2012","Tue May 15 12:55:21 PDT 2012",7,6,6,3,3,7,3,3,3,3
"2UVP8PJWKUDD9NMXXDU960B6Z518J5","Bibliographic Labeling"," ","2E3LYHVI44OS3ALG20EE6SBAXBN3XI","A2J237J8KM3OCS","Approved","Tue May 15 13:09:29 PDT 2012","Tue May 15 13:10:06 PDT 2012",7,6,6,3,3,7,3,3,3,3
"2UVP8PJWKUDD9NMXXDU960B6Z518J5","Bibliographic Labeling"," ","23VHVWAVKI62O9QOVUTZG9QHEIAPH3","A3A7VZ2Z5EU18R","Approved","Wed May 16 17:01:51 PDT 2012","Wed May 16 17:03:01 PDT 2012",6,6,6,3,3,6,3,3,2,3
"2UVP8PJWKUDD9NMXXDU960B6Z518J5",,,,,,,,6,6,6,3,3,6,3,3,6,3
"2PI6UFBNFSVGVBFP3SJWDNG1K4FI4V","Bibliographic Labeling"," ","24IIHPCGJ2D22E3IZK80QPPSQ7C39D","AWL4GVQNG6AOW","Approved","Mon May 14 23:16:09 PDT 2012","Mon May 14 23:17:45 PDT 2012",4,0,5,2,2,6,6,6,3,3
"2PI6UFBNFSVGVBFP3SJWDNG1K4FI4V","Bibliographic Labeling"," ","291O9Z6KW4ZMBPH3LECFX0ONV11E58","A3A7VZ2Z5EU18R","Approved","Tue May 15 11:38:12 PDT 2012","Tue May 15 11:40:57 PDT 2012",6,0,2,2,2,6,6,6,3,3
"2PI6UFBNFSVGVBFP3SJWDNG1K4FI4V","Bibliographic Labeling"," ","2D15SW6NG1FS4DY9DYPF8FZS7RDIW3","A2O543PJ8110HB","Approved","Tue May 15 12:53:06 PDT 2012","Tue May 15 12:53:51 PDT 2012",4,0,6,6,6,6,6,6,3,3
"2PI6UFBNFSVGVBFP3SJWDNG1K4FI4V","Bibliographic Labeling"," ","2QB2D21O3W5XIQJBJF92RYEPTY19FE","A2J237J8KM3OCS","Approved","Tue May 15 13:06:53 PDT 2012","Tue May 15 13:07:38 PDT 2012",4,0,0,6,6,6,6,6,3,3
"2PI6UFBNFSVGVBFP3SJWDNG1K4FI4V","Bibliographic Labeling"," ","2N9JHP4BDDKG5O8DMK0XAG35F4SZ6Q","A1SOTDKP7FMZUK","Approved","Thu May 17 12:24:27 PDT 2012","Thu May 17 12:25:12 PDT 2012",6,0,2,6,6,6,6,6,3,3
"2PI6UFBNFSVGVBFP3SJWDNG1K4FI4V",,,,,,,,6,0,2,6,6,6,6,6,3,3
"2WIOHOVR14IXLE273P8EJWA62FB67A","Bibliographic Labeling"," ","2KUSEIUUU00ORAKWY59SFS2UA8QSSP","A2O543PJ8110HB","Approved","Sat May 12 12:37:31 PDT 2012","Sat May 12 12:38:37 PDT 2012",3,3,7,0,7,5,5,7,5,5
"2WIOHOVR14IXLE273P8EJWA62FB67A","Bibliographic Labeling"," ","2PVQ0JG5TYMNDMYXYW69ZSSH563KG6","A1SOTDKP7FMZUK","Approved","Mon May 14 11:30:10 PDT 2012","Mon May 14 11:30:43 PDT 2012",3,3,6,0,6,6,6,6,6,6
"2WIOHOVR14IXLE273P8EJWA62FB67A","Bibliographic Labeling"," ","2FMUKQOYGNIW2DSUI3R177SVOFVZH8","A2J237J8KM3OCS","Approved","Mon May 14 13:03:31 PDT 2012","Mon May 14 13:04:14 PDT 2012",3,3,7,0,7,4,4,7,4,4
"2WIOHOVR14IXLE273P8EJWA62FB67A","Bibliographic Labeling"," ","29B51RYQM3ELRDMYKVKG1FTE2Z80ZO","A3A7VZ2Z5EU18R","Approved","Tue May 15 17:01:34 PDT 2012","Tue May 15 17:02:26 PDT 2012",3,3,6,0,6,6,6,6,6,6
"2WIOHOVR14IXLE273P8EJWA62FB67A","Bibliographic Labeling"," ","2T85TYMNCWYB5ZFVMFJH411JWY3OKI","A1KX1EE9O0JFC","Approved","Sun May 20 12:31:24 PDT 2012","Sun May 20 12:32:46 PDT 2012",3,3,6,1,6,6,6,6,6,6
"2WIOHOVR14IXLE273P8EJWA62FB67A",,,,,,,,3,2,6,0,6,6,6,6,6,6
"24M6UXFCD45XD4T97FETRIN3YS0WU2","Bibliographic Labeling"," ","23VDHJHP4BDDL64K2EJXGX3GB99X4J","A2O543PJ8110HB","Approved","Sun May 13 12:10:22 PDT 2012","Sun May 13 12:11:16 PDT 2012",7,0,0,6,0,0,0,0,6,6
"24M6UXFCD45XD4T97FETRIN3YS0WU2","Bibliographic Labeling"," ","2P006UFBNFSVHKL1XWWS36NG9KZ3HI","A2J237J8KM3OCS","Approved","Mon May 14 13:20:07 PDT 2012","Mon May 14 13:20:46 PDT 2012",4,0,0,6,0,0,0,0,6,6
"24M6UXFCD45XD4T97FETRIN3YS0WU2","Bibliographic Labeling"," ","2QMLF395SW6NHRFEXAPNQBYF9MPESS","A3A7VZ2Z5EU18R","Approved","Wed May 16 16:47:30 PDT 2012","Wed May 16 16:48:57 PDT 2012",6,0,0,6,6,6,6,6,6,4
"24M6UXFCD45XD4T97FETRIN3YS0WU2","Bibliographic Labeling"," ","211ZJMJUNU8L0WRTU3WRG8D8RBVG00","AD8UJKT5HYGNJ","Approved","Wed May 16 23:07:14 PDT 2012","Wed May 16 23:09:32 PDT 2012",6,4,1,6,6,6,6,6,6,4
"24M6UXFCD45XD4T97FETRIN3YS0WU2","Bibliographic Labeling"," ","268KCCVLL3CA4TM34CH4J9NQ2GF7X3","A1SOTDKP7FMZUK","Approved","Fri May 18 11:40:53 PDT 2012","Fri May 18 11:42:13 PDT 2012",6,0,0,6,6,6,6,6,6,6
"24M6UXFCD45XD4T97FETRIN3YS0WU2",,,,,,,,6,0,0,6,6,6,6,6,6,5
"2PZ88MQU6L5OCLC4VEOXBAIJKJSVCI","Bibliographic Labeling"," ","2KYX3YOCCF0CQVKJJG9NPIXYO6YSRS","A1SOTDKP7FMZUK","Approved","Sat May 12 06:23:47 PDT 2012","Sat May 12 06:28:06 PDT 2012",3,3,3,3,5,3,2,2,2,2
"2PZ88MQU6L5OCLC4VEOXBAIJKJSVCI","Bibliographic Labeling"," ","2PV95SW6NG1FTTNKH62YM1FZ04OHVP","A2O543PJ8110HB","Approved","Mon May 14 11:57:53 PDT 2012","Mon May 14 11:58:29 PDT 2012",3,3,3,3,6,3,7,7,7,4
"2PZ88MQU6L5OCLC4VEOXBAIJKJSVCI","Bibliographic Labeling"," ","2H5ZKPFE4EGDI3MOZ8ZIGNZWEMJH7Z","AWL4GVQNG6AOW","Approved","Mon May 14 12:47:14 PDT 2012","Mon May 14 12:48:27 PDT 2012",3,3,3,3,6,3,7,7,7,4
"2PZ88MQU6L5OCLC4VEOXBAIJKJSVCI","Bibliographic Labeling"," ","2UWF0OHOVR14JNKAW802OECWIB345M","A2J237J8KM3OCS","Approved","Mon May 14 13:11:06 PDT 2012","Mon May 14 13:11:37 PDT 2012",3,3,3,3,6,3,7,7,7,4
"2PZ88MQU6L5OCLC4VEOXBAIJKJSVCI","Bibliographic Labeling"," ","26KBRI8IUB2YVZ85BFKLI3L0NH2H50","A3A7VZ2Z5EU18R","Approved","Tue May 15 17:05:28 PDT 2012","Tue May 15 17:06:33 PDT 2012",3,3,3,3,6,3,6,6,6,6
"2PZ88MQU6L5OCLC4VEOXBAIJKJSVCI",,,,,,,,3,3,3,3,6,2,6,6,6,6
"2TX806UFBNFSW6U79Q05ZW6NLDR2GR","Bibliographic Labeling"," ","25H9746OQ1SNRG7C0UR58QKCVTBN38","AWL4GVQNG6AOW","Approved","Sat May 12 07:01:26 PDT 2012","Sat May 12 07:03:38 PDT 2012",7,6,7,7,2,6,7,7,0,4
"2TX806UFBNFSW6U79Q05ZW6NLDR2GR","Bibliographic Labeling"," ","23EOFXRDS4IC24YZHKAFT11AAMXUX3","A2O543PJ8110HB","Approved","Sun May 13 12:23:59 PDT 2012","Sun May 13 12:24:46 PDT 2012",7,0,7,7,6,6,7,7,5,4
"2TX806UFBNFSW6U79Q05ZW6NLDR2GR","Bibliographic Labeling"," ","2KL2D5NQYN5F4G05ASKYTNCW6GA6AF","A2J237J8KM3OCS","Approved","Mon May 14 13:08:31 PDT 2012","Mon May 14 13:09:17 PDT 2012",7,0,7,7,0,6,7,7,6,4
"2TX806UFBNFSW6U79Q05ZW6NLDR2GR","Bibliographic Labeling"," ","2NUAC9KSSZVXYSQQZHLKXOYGVOZK2Q","A1SOTDKP7FMZUK","Approved","Tue May 15 08:51:12 PDT 2012","Tue May 15 08:52:06 PDT 2012",6,6,6,6,2,6,6,6,0,6
"2TX806UFBNFSW6U79Q05ZW6NLDR2GR","Bibliographic Labeling"," ","2PSOHOVR14IXLE273P8EJWA659A67W","A3A7VZ2Z5EU18R","Approved","Tue May 15 13:10:13 PDT 2012","Tue May 15 13:11:30 PDT 2012",6,6,6,6,2,6,6,6,0,6
"2TX806UFBNFSW6U79Q05ZW6NLDR2GR",,,,,,,,6,6,6,6,2,6,6,6,0,6
"2GH2MIKMN9U8QZYP2GNW4I3SZATRAI","Bibliographic Labeling"," ","2N52AC9KSSZVYN2CYSLURQOYORK1JM","A2O543PJ8110HB","Approved","Sun May 13 12:11:16 PDT 2012","Sun May 13 12:12:30 PDT 2012",7,7,7,0,0,0,0,7,0,1
"2GH2MIKMN9U8QZYP2GNW4I3SZATRAI","Bibliographic Labeling"," ","268KCCVLL3CA4TM34CH4J9NQ2C1X77","AWL4GVQNG6AOW","Approved","Mon May 14 13:01:03 PDT 2012","Mon May 14 13:03:43 PDT 2012",4,7,7,6,6,6,6,6,0,1
"2GH2MIKMN9U8QZYP2GNW4I3SZATRAI","Bibliographic Labeling"," ","2E70OHOVR14IYAOOFWTHLCWAE28567","A2J237J8KM3OCS","Approved","Mon May 14 13:09:17 PDT 2012","Mon May 14 13:10:02 PDT 2012",4,7,7,6,6,6,6,4,0,1
"2GH2MIKMN9U8QZYP2GNW4I3SZATRAI","Bibliographic Labeling"," ","2GK8SV7WGKCCWBLP6XU3THAPY9PR1H","A3A7VZ2Z5EU18R","Approved","Mon May 14 16:55:37 PDT 2012","Mon May 14 16:56:39 PDT 2012",6,6,6,6,6,6,6,6,0,1
"2GH2MIKMN9U8QZYP2GNW4I3SZATRAI","Bibliographic Labeling"," ","24M00OQKKA4IJI8EWHT6F0EW8LKYY3","A1SOTDKP7FMZUK","Approved","Fri May 18 13:28:48 PDT 2012","Fri May 18 13:29:14 PDT 2012",6,6,6,6,6,6,6,6,0,1
"2GH2MIKMN9U8QZYP2GNW4I3SZATRAI",,,,,,,,6,6,6,6,6,6,6,6,0,1
"2S3YHVI44OS2LBUU7A5ZZBAPANDY4H","Bibliographic Labeling"," ","2OJSQV66RLPHJJ33PJ1VRI62VL0D56","AWL4GVQNG6AOW","Approved","Sat May 12 07:10:16 PDT 2012","Sat May 12 07:11:54 PDT 2012",0,6,6,6,7,2,7,0,0,7
"2S3YHVI44OS2LBUU7A5ZZBAPANDY4H","Bibliographic Labeling"," ","2BDY58B727M0J6F6B0S65FSVN8YAV5","A2O543PJ8110HB","Approved","Sun May 13 12:14:12 PDT 2012","Sun May 13 12:15:18 PDT 2012",0,0,0,0,7,0,7,1,0,7
"2S3YHVI44OS2LBUU7A5ZZBAPANDY4H","Bibliographic Labeling"," ","22LMOFXRDS4IDREK7AOJMM11I7JWTM","A1SOTDKP7FMZUK","Approved","Mon May 14 11:34:14 PDT 2012","Mon May 14 11:34:41 PDT 2012",6,6,6,6,6,6,1,0,6,0
"2S3YHVI44OS2LBUU7A5ZZBAPANDY4H","Bibliographic Labeling"," ","2PVQ0JG5TYMNDMYXYW69ZSSH566GK5","A2J237J8KM3OCS","Approved","Mon May 14 13:15:36 PDT 2012","Mon May 14 13:16:22 PDT 2012",6,6,6,6,7,6,7,1,0,7
"2S3YHVI44OS2LBUU7A5ZZBAPANDY4H","Bibliographic Labeling"," ","2XLBJ3MMDX5FQXNSW78BGMDXWNAZD7","A3A7VZ2Z5EU18R","Approved","Mon May 14 16:36:31 PDT 2012","Mon May 14 16:38:02 PDT 2012",2,6,6,6,6,6,6,1,0,6
"2S3YHVI44OS2LBUU7A5ZZBAPANDY4H",,,,,,,,2,6,6,6,6,6,6,1,0,6
"2F6CCF0CP5KXQJI9C5OYN4PMCZ9WVR","Bibliographic Labeling"," ","20TSNQQ7Q6706RQ66AI19TQC92OAUH","A1SOTDKP7FMZUK","Approved","Mon May 14 11:43:47 PDT 2012","Mon May 14 11:44:15 PDT 2012",6,1,6,6,6,6,6,6,6,6
"2F6CCF0CP5KXQJI9C5OYN4PMCZ9WVR","Bibliographic Labeling"," ","2YVW5XH0JPPSJSKK8CCSW75KTR9FL6","A2O543PJ8110HB","Approved","Mon May 14 11:57:07 PDT 2012","Mon May 14 11:57:53 PDT 2012",7,1,7,6,4,7,4,4,7,4
"2F6CCF0CP5KXQJI9C5OYN4PMCZ9WVR","Bibliographic Labeling"," ","245D8XMB3Q390QBSOGF604EV0YZGRX","A2J237J8KM3OCS","Approved","Mon May 14 13:00:04 PDT 2012","Mon May 14 13:00:52 PDT 2012",7,1,7,7,4,7,4,4,4,4
"2F6CCF0CP5KXQJI9C5OYN4PMCZ9WVR","Bibliographic Labeling"," ","26TVP9746OQ1TDQC1DX7751QSH11L2","A3A7VZ2Z5EU18R","Approved","Mon May 14 16:52:50 PDT 2012","Mon May 14 16:53:53 PDT 2012",6,1,6,6,6,6,6,6,6,6
"2F6CCF0CP5KXQJI9C5OYN4PMCZ9WVR","Bibliographic Labeling"," ","2WF9U8P9Y38TXMX4XFLYPM0J1GIXGA","AWL4GVQNG6AOW","Approved","Tue May 15 08:12:55 PDT 2012","Tue May 15 08:14:02 PDT 2012",7,1,7,7,4,7,4,4,7,4
"2F6CCF0CP5KXQJI9C5OYN4PMCZ9WVR",,,,,,,,6,1,6,6,6,6,6,6,6,6
"2HFULRGNTBJ3NCDJZ2G7U62KMNL7TL","Bibliographic Labeling"," ","22HW1INMHGYQ59394YXBMMFFW316JS","A1SOTDKP7FMZUK","Approved","Mon May 14 11:44:18 PDT 2012","Mon May 14 11:44:56 PDT 2012",6,6,7,0,2,2,6,6,6,6
"2HFULRGNTBJ3NCDJZ2G7U62KMNL7TL","Bibliographic Labeling"," ","29EAZHHRRLFQ1EN9PE81RHO9MLUENP","A2O543PJ8110HB","Approved","Mon May 14 11:46:34 PDT 2012","Mon May 14 11:47:19 PDT 2012",4,7,7,1,6,6,7,0,0,0
"2HFULRGNTBJ3NCDJZ2G7U62KMNL7TL","Bibliographic Labeling"," ","2IPMB3Q39Z0B7KTA0GVE2STVZPLJU9","AWL4GVQNG6AOW","Approved","Mon May 14 12:44:00 PDT 2012","Mon May 14 12:45:35 PDT 2012",4,7,7,0,2,2,7,6,6,6
"2HFULRGNTBJ3NCDJZ2G7U62KMNL7TL","Bibliographic Labeling"," ","2OGZFYQS1CSTNEFJL0J4PC1E6ITNKL","A2J237J8KM3OCS","Approved","Mon May 14 13:25:46 PDT 2012","Mon May 14 13:26:28 PDT 2012",4,7,7,1,6,6,7,6,6,6
"2HFULRGNTBJ3NCDJZ2G7U62KMNL7TL","Bibliographic Labeling"," ","2Q7L6VCPWZ9RO3W4IISSESN3LYNO98","AD8UJKT5HYGNJ","Approved","Mon May 14 13:53:23 PDT 2012","Mon May 14 13:56:47 PDT 2012",6,6,7,1,5,5,7,6,6,6
"2HFULRGNTBJ3NCDJZ2G7U62KMNL7TL",,,,,,,,6,6,7,0,5,5,6,6,6,6
"2KFUYT3DHJHP51DZE3VYFRSXE9G0TF","Bibliographic Labeling"," ","2L5PGFL6VCPW0ZR97J9O21S70S66LU","A1SOTDKP7FMZUK","Approved","Mon May 14 11:45:02 PDT 2012","Mon May 14 11:46:10 PDT 2012",6,6,6,0,1,6,6,6,6,6
"2KFUYT3DHJHP51DZE3VYFRSXE9G0TF","Bibliographic Labeling"," ","2O8DHDM25L8IADZI045ZDOE4Y1APFE","A2O543PJ8110HB","Approved","Mon May 14 11:49:55 PDT 2012","Mon May 14 11:51:38 PDT 2012",5,7,7,6,1,6,5,5,5,7
"2KFUYT3DHJHP51DZE3VYFRSXE9G0TF","Bibliographic Labeling"," ","2ABG5TYMNCWYCU913FJSOX11RTRJNG","A2J237J8KM3OCS","Approved","Mon May 14 13:02:14 PDT 2012","Mon May 14 13:03:30 PDT 2012",6,7,7,0,1,6,6,6,6,7
"2KFUYT3DHJHP51DZE3VYFRSXE9G0TF","Bibliographic Labeling"," ","2N9DM25L8I9N0M638MXOL4QWFYFHR0","AWL4GVQNG6AOW","Approved","Mon May 14 13:26:09 PDT 2012","Mon May 14 13:27:58 PDT 2012",6,7,7,0,1,5,6,6,6,7
"2KFUYT3DHJHP51DZE3VYFRSXE9G0TF","Bibliographic Labeling"," ","2DLVOK5UFJ51ZXQ0IM6YXS1C00C69O","A3A7VZ2Z5EU18R","Approved","Wed May 16 16:44:17 PDT 2012","Wed May 16 16:45:37 PDT 2012",6,6,6,0,0,6,6,6,6,6
"2KFUYT3DHJHP51DZE3VYFRSXE9G0TF",,,,,,,,6,6,6,0,1,6,6,6,6,6
"2XVHDM25L8I9OPWSB1Q6VE4Q1J5QGT","Bibliographic Labeling"," ","2DLVOK5UFJ51ZXQ0IM6YXS1C0YP69X","A2O543PJ8110HB","Approved","Mon May 14 11:39:23 PDT 2012","Mon May 14 11:41:17 PDT 2012",0,1,0,7,0,7,7,1,0,0
"2XVHDM25L8I9OPWSB1Q6VE4Q1J5QGT","Bibliographic Labeling"," ","26W0SPW1INMHHOQQDQEAI6BFUKL3GI","A2J237J8KM3OCS","Approved","Mon May 14 13:05:07 PDT 2012","Mon May 14 13:05:51 PDT 2012",6,1,6,7,6,7,7,1,0,0
"2XVHDM25L8I9OPWSB1Q6VE4Q1J5QGT","Bibliographic Labeling"," ","2APULRGNTBJ3NCDJZ2G7U62KPGE7TZ","AWL4GVQNG6AOW","Approved","Mon May 14 13:07:27 PDT 2012","Mon May 14 13:09:14 PDT 2012",6,1,6,7,6,7,7,1,0,0
"2XVHDM25L8I9OPWSB1Q6VE4Q1J5QGT","Bibliographic Labeling"," ","2WF9U8P9Y38TXMX4XFLYPM0J1H6GXJ","A3A7VZ2Z5EU18R","Approved","Wed May 16 16:51:50 PDT 2012","Wed May 16 16:53:03 PDT 2012",6,1,6,6,6,7,6,1,0,0
"2XVHDM25L8I9OPWSB1Q6VE4Q1J5QGT","Bibliographic Labeling"," ","2A7K0COK2JE1NXP6EWCR36OZIL3LS3","A1SOTDKP7FMZUK","Approved","Fri May 18 00:59:18 PDT 2012","Fri May 18 00:59:44 PDT 2012",6,1,6,6,6,7,6,1,0,0
"2XVHDM25L8I9OPWSB1Q6VE4Q1J5QGT",,,,,,,,6,1,6,6,6,7,6,1,0,0
"2KVHJHP4BDDKHUYULFO943G3AJ8Y5M","Bibliographic Labeling"," ","2RNKCJ011K27597VEDN688N4EY0B9L","A2O543PJ8110HB","Approved","Sun May 13 12:22:49 PDT 2012","Sun May 13 12:23:58 PDT 2012",5,4,4,4,4,4,0,6,6,4
"2KVHJHP4BDDKHUYULFO943G3AJ8Y5M","Bibliographic Labeling"," ","250ER9Y8TNKINPS8Z76HZ2OM8TL7UO","AWL4GVQNG6AOW","Approved","Sun May 13 12:58:24 PDT 2012","Sun May 13 13:01:14 PDT 2012",0,6,6,6,6,4,5,5,2,4
"2KVHJHP4BDDKHUYULFO943G3AJ8Y5M","Bibliographic Labeling"," ","2XXF3Q0JG5TYNDCISYV9M9SS0MZEI8","A1SOTDKP7FMZUK","Approved","Mon May 14 11:26:58 PDT 2012","Mon May 14 11:27:31 PDT 2012",0,6,6,6,6,6,6,6,6,4
"2KVHJHP4BDDKHUYULFO943G3AJ8Y5M","Bibliographic Labeling"," ","29UMIKMN9U8PAO3UNJNXP3SU6NTBS2","A2J237J8KM3OCS","Approved","Mon May 14 13:20:46 PDT 2012","Mon May 14 13:21:53 PDT 2012",0,4,4,4,4,4,6,6,6,4
"2KVHJHP4BDDKHUYULFO943G3AJ8Y5M","Bibliographic Labeling"," ","2QFTBJ3MMDX5GF790PBHI9MD5TTYCE","A3A7VZ2Z5EU18R","Approved","Mon May 14 16:42:52 PDT 2012","Mon May 14 16:44:00 PDT 2012",0,6,6,6,6,6,6,6,6,6
"2KVHJHP4BDDKHUYULFO943G3AJ8Y5M",,,,,,,,0,6,6,6,6,6,6,6,6,6
"2EKQ45UUKQOYHDIIVAJ8VG015J4VDI","Bibliographic Labeling"," ","2WGFXRDS4IC1FOD9R66M81A2Q0ZYV3","A1SOTDKP7FMZUK","Approved","Mon May 14 11:30:47 PDT 2012","Mon May 14 11:31:55 PDT 2012",6,6,6,6,6,6,6,6,0,5
"2EKQ45UUKQOYHDIIVAJ8VG015J4VDI","Bibliographic Labeling"," ","25GX7H57DZKPG440A08DT25LGNBB1D","A2O543PJ8110HB","Approved","Mon May 14 11:47:20 PDT 2012","Mon May 14 11:48:38 PDT 2012",7,0,4,4,6,7,7,6,6,6
"2EKQ45UUKQOYHDIIVAJ8VG015J4VDI","Bibliographic Labeling"," ","21T4IXKO2L92I4CI4TO35OCCN5HCDE","AWL4GVQNG6AOW","Approved","Mon May 14 12:54:34 PDT 2012","Mon May 14 12:56:30 PDT 2012",7,2,4,4,4,7,7,6,0,0
"2EKQ45UUKQOYHDIIVAJ8VG015J4VDI","Bibliographic Labeling"," ","25OAVKI62NJQ3R7OTW0QO6BKTH1KSU","A2J237J8KM3OCS","Approved","Mon May 14 13:19:07 PDT 2012","Mon May 14 13:20:06 PDT 2012",6,0,4,4,6,7,7,7,0,0
"2EKQ45UUKQOYHDIIVAJ8VG015J4VDI","Bibliographic Labeling"," ","2EUJ1LY58B728C04A2BHK16YNY7S74","A3A7VZ2Z5EU18R","Approved","Tue May 15 13:06:59 PDT 2012","Tue May 15 13:09:00 PDT 2012",6,6,6,6,6,6,6,6,0,2
"2EKQ45UUKQOYHDIIVAJ8VG015J4VDI",,,,,,,,6,6,6,6,6,6,6,6,0,2
"2808IUB2YU98K7SFFYUL7FBJEU18K4","Bibliographic Labeling"," ","2G2UC26DG67D2N3HU2B0JOK2RGB6DF","A1SOTDKP7FMZUK","Approved","Sat May 12 06:31:37 PDT 2012","Sat May 12 06:32:54 PDT 2012",6,1,1,6,6,0,6,6,6,5
"2808IUB2YU98K7SFFYUL7FBJEU18K4","Bibliographic Labeling"," ","2JPBNVP3TVOK6KF5ZOP7XEOZN2T037","A2O543PJ8110HB","Approved","Sun May 13 12:15:19 PDT 2012","Sun May 13 12:16:17 PDT 2012",7,1,0,7,7,0,0,7,7,0
"2808IUB2YU98K7SFFYUL7FBJEU18K4","Bibliographic Labeling"," ","2OQ5COW0LGRZ4YCD98362NUZ4IW7YO","A2J237J8KM3OCS","Approved","Mon May 14 13:07:45 PDT 2012","Mon May 14 13:08:30 PDT 2012",7,1,1,7,7,0,6,7,7,6
"2808IUB2YU98K7SFFYUL7FBJEU18K4","Bibliographic Labeling"," ","2PQQS1CSTMOFYHDEY531LYDN5OLQNG","AWL4GVQNG6AOW","Approved","Mon May 14 13:28:48 PDT 2012","Mon May 14 13:30:09 PDT 2012",7,1,1,7,7,0,6,7,7,5
"2808IUB2YU98K7SFFYUL7FBJEU18K4","Bibliographic Labeling"," ","21JLFQ0ONNVRIRK3IW5GYB76V0MKTQ","A3A7VZ2Z5EU18R","Approved","Mon May 14 16:47:25 PDT 2012","Mon May 14 16:50:34 PDT 2012",6,1,0,6,6,0,6,6,6,2
"2808IUB2YU98K7SFFYUL7FBJEU18K4",,,,,,,,6,1,1,6,6,0,6,6,6,6
"2E924SMEZZ2MJAM93HZPGY38Y893K7","Bibliographic Labeling"," ","223RI8IUB2YUAYJ3MGCBAL0FJNBI6P","A2O543PJ8110HB","Approved","Sun May 13 12:20:09 PDT 2012","Sun May 13 12:21:29 PDT 2012",0,6,6,0,1,1,1,0,4,4
"2E924SMEZZ2MJAM93HZPGY38Y893K7","Bibliographic Labeling"," ","22CMT6YTWX4H472B5R49GGI6QNTW1C","AWL4GVQNG6AOW","Approved","Sun May 13 12:39:19 PDT 2012","Sun May 13 12:44:17 PDT 2012",6,5,5,0,1,1,1,0,4,4
"2E924SMEZZ2MJAM93HZPGY38Y893K7","Bibliographic Labeling"," ","2ZOZ9RNDWIOV2I7EHQ4TNU136I0UFD","A1SOTDKP7FMZUK","Approved","Mon May 14 11:31:59 PDT 2012","Mon May 14 11:32:32 PDT 2012",6,6,6,0,1,0,1,0,6,2
"2E924SMEZZ2MJAM93HZPGY38Y893K7","Bibliographic Labeling"," ","26CUDD8XMB3Q4ZZM5TLTV6T4M0ZEPP","A2J237J8KM3OCS","Approved","Mon May 14 13:21:54 PDT 2012","Mon May 14 13:22:33 PDT 2012",6,6,6,0,1,1,1,0,4,6
"2E924SMEZZ2MJAM93HZPGY38Y893K7","Bibliographic Labeling"," ","2OJ9Y8TNKIMZTC5694J2VM0PO0SW9Y","A3A7VZ2Z5EU18R","Approved","Mon May 14 16:54:01 PDT 2012","Mon May 14 16:55:33 PDT 2012",6,6,6,0,1,1,1,0,6,6
"2E924SMEZZ2MJAM93HZPGY38Y893K7",,,,,,,,6,6,6,0,1,1,1,0,6,6
"2CQER9Y8TNKINPS8Z76HZ2OM51S7UC","Bibliographic Labeling"," ","2CCYEPLSP75KMC6IDQFAOQEQ3L8RX7","A2O543PJ8110HB","Approved","Sat May 12 12:38:47 PDT 2012","Sat May 12 12:39:52 PDT 2012",6,6,6,6,6,6,6,2,1,0
"2CQER9Y8TNKINPS8Z76HZ2OM51S7UC","Bibliographic Labeling"," ","2FMUKQOYGNIW2DSUI3R177SVOFXHZS","A2J237J8KM3OCS","Approved","Mon May 14 13:22:33 PDT 2012","Mon May 14 13:23:14 PDT 2012",5,6,6,6,6,6,0,6,1,6
"2CQER9Y8TNKINPS8Z76HZ2OM51S7UC","Bibliographic Labeling"," ","2T85TYMNCWYB5ZFVMFJH411JWSJKOI","AWL4GVQNG6AOW","Approved","Mon May 14 23:12:10 PDT 2012","Mon May 14 23:15:08 PDT 2012",0,5,6,5,5,2,0,5,1,5
"2CQER9Y8TNKINPS8Z76HZ2OM51S7UC","Bibliographic Labeling"," ","2IEQU6L5OBVCJRRJRR1IQF7G27XFYK","A3A7VZ2Z5EU18R","Approved","Tue May 15 19:28:25 PDT 2012","Tue May 15 19:32:13 PDT 2012",0,6,6,6,6,6,0,6,1,6
"2CQER9Y8TNKINPS8Z76HZ2OM51S7UC","Bibliographic Labeling"," ","2GJ70G5R98D8KTV01JJS0NYCOC7CSW","A1SOTDKP7FMZUK","Approved","Fri May 18 13:29:47 PDT 2012","Fri May 18 13:30:35 PDT 2012",1,6,6,6,6,6,0,6,1,6
"2CQER9Y8TNKINPS8Z76HZ2OM51S7UC",,,,,,,,0,6,6,6,6,6,0,6,1,6
"2DJINMHGYQ4J4DAX0Y6MMFOY3U68L7","Bibliographic Labeling"," ","2WF9U8P9Y38TXMX4XFLYPM0J1FIGXR","A1SOTDKP7FMZUK","Approved","Mon May 14 11:24:08 PDT 2012","Mon May 14 11:24:55 PDT 2012",6,0,6,6,6,6,6,6,6,6
"2DJINMHGYQ4J4DAX0Y6MMFOY3U68L7","Bibliographic Labeling"," ","280E4BLYHVI45ESOE8L8KNEZ0GCU0A","A2O543PJ8110HB","Approved","Mon May 14 11:52:50 PDT 2012","Mon May 14 11:53:34 PDT 2012",7,6,6,6,0,0,0,0,0,6
"2DJINMHGYQ4J4DAX0Y6MMFOY3U68L7","Bibliographic Labeling"," ","2GZD1X3V0FK0DEKOD1SMEPKKHQWELP","AWL4GVQNG6AOW","Approved","Mon May 14 12:45:46 PDT 2012","Mon May 14 12:47:00 PDT 2012",7,0,2,2,6,6,6,6,6,2
"2DJINMHGYQ4J4DAX0Y6MMFOY3U68L7","Bibliographic Labeling"," ","223RI8IUB2YUAYJ3MGCBAL0FJOG6IK","A2J237J8KM3OCS","Approved","Mon May 14 13:25:04 PDT 2012","Mon May 14 13:25:46 PDT 2012",7,0,6,6,6,6,6,6,6,6
"2DJINMHGYQ4J4DAX0Y6MMFOY3U68L7","Bibliographic Labeling"," ","2P30HFL42J1LZV8X1PYM7IGFSO3M15","A3A7VZ2Z5EU18R","Approved","Wed May 16 16:53:12 PDT 2012","Wed May 16 16:56:16 PDT 2012",6,0,5,5,6,6,6,6,6,6
"2DJINMHGYQ4J4DAX0Y6MMFOY3U68L7",,,,,,,,6,2,5,5,6,6,6,6,6,6
"2FQE4BLYHVI45ESOE8L8KNEZXNN0U6","Bibliographic Labeling"," ","2ZBWKUDD8XMB4G3VTN261TO618GNC2","A2O543PJ8110HB","Approved","Sun May 13 12:16:18 PDT 2012","Sun May 13 12:17:05 PDT 2012",6,6,3,3,0,1,0,1,7,7
"2FQE4BLYHVI45ESOE8L8KNEZXNN0U6","Bibliographic Labeling"," ","27EB3Q39Z0B6VJOSNR5VZTVRSLRKVV","A1SOTDKP7FMZUK","Approved","Mon May 14 11:32:36 PDT 2012","Mon May 14 11:33:10 PDT 2012",6,6,3,3,6,1,0,1,6,6
"2FQE4BLYHVI45ESOE8L8KNEZXNN0U6","Bibliographic Labeling"," ","2RE8JIA0RYNJASN5E9R5IMJT2M516N","A2J237J8KM3OCS","Approved","Mon May 14 13:27:13 PDT 2012","Mon May 14 13:27:58 PDT 2012",2,6,3,3,0,1,0,1,7,7
"2FQE4BLYHVI45ESOE8L8KNEZXNN0U6","Bibliographic Labeling"," ","2NU1O3W5XH0JQFS4W7PEWLSPFAQICN","AWL4GVQNG6AOW","Approved","Mon May 14 13:31:05 PDT 2012","Mon May 14 13:32:18 PDT 2012",2,6,3,3,6,1,0,1,7,7
"2FQE4BLYHVI45ESOE8L8KNEZXNN0U6","Bibliographic Labeling"," ","2TEJUNU8LZ6R8QGRLWZDFJ3VMEMJ3Q","A3A7VZ2Z5EU18R","Approved","Wed May 16 16:37:23 PDT 2012","Wed May 16 16:39:04 PDT 2012",6,6,2,3,6,1,0,1,6,6
"2FQE4BLYHVI45ESOE8L8KNEZXNN0U6",,,,,,,,6,6,2,3,6,1,0,1,6,6
"2JSC9KSSZVXX3G4ROHBQVYGNN8E3LA","Bibliographic Labeling"," ","2QHGSNTL0XULS6NF56UMTDX5NTAM09","A2O543PJ8110HB","Approved","Sun May 13 12:25:24 PDT 2012","Sun May 13 12:26:24 PDT 2012",0,0,1,0,1,7,6,5,7,1
"2JSC9KSSZVXX3G4ROHBQVYGNN8E3LA","Bibliographic Labeling"," ","247BNFSVGULF4Z5EQTEG8FS3V3P7LT","A1SOTDKP7FMZUK","Approved","Mon May 14 11:40:07 PDT 2012","Mon May 14 11:40:58 PDT 2012",0,0,1,0,1,6,6,5,6,1
"2JSC9KSSZVXX3G4ROHBQVYGNN8E3LA","Bibliographic Labeling"," ","2T85TYMNCWYB5ZFVMFJH411JWSWOKZ","AWL4GVQNG6AOW","Approved","Mon May 14 12:51:36 PDT 2012","Mon May 14 12:53:01 PDT 2012",0,0,1,0,1,7,6,3,7,1
"2JSC9KSSZVXX3G4ROHBQVYGNN8E3LA","Bibliographic Labeling"," ","2UHFE4EGDHDM3VLUCWEZ36HE7BVKAZ","A2J237J8KM3OCS","Approved","Mon May 14 13:30:38 PDT 2012","Mon May 14 13:31:15 PDT 2012",0,0,1,0,1,7,6,6,7,1
"2JSC9KSSZVXX3G4ROHBQVYGNN8E3LA","Bibliographic Labeling"," ","22IV66RLPHIT47VI4IBID2NJY9RF7O","A3A7VZ2Z5EU18R","Approved","Wed May 16 16:56:27 PDT 2012","Wed May 16 16:57:54 PDT 2012",0,0,1,0,1,6,6,6,6,1
"2JSC9KSSZVXX3G4ROHBQVYGNN8E3LA",,,,,,,,0,0,1,0,1,6,6,6,6,1
"2GZHRRLFQ0ONOLR3V78OGEGRGJIQHS","Bibliographic Labeling"," ","2OJSQV66RLPHJJ33PJ1VRI62VNTD53","A2O543PJ8110HB","Approved","Sun May 13 12:08:01 PDT 2012","Sun May 13 12:09:12 PDT 2012",6,7,1,6,1,0,6,1,0,5
"2GZHRRLFQ0ONOLR3V78OGEGRGJIQHS","Bibliographic Labeling"," ","2THPSI2KYEPLTF7RE8D63J3OILTSM2","AWL4GVQNG6AOW","Approved","Sun May 13 12:53:57 PDT 2012","Sun May 13 12:55:25 PDT 2012",6,7,1,6,1,6,6,1,1,0
"2GZHRRLFQ0ONOLR3V78OGEGRGJIQHS","Bibliographic Labeling"," ","2T9STLB3L0FBKZIA565JYEVEDWQVJ6","A1SOTDKP7FMZUK","Approved","Mon May 14 11:25:37 PDT 2012","Mon May 14 11:26:25 PDT 2012",6,6,1,6,1,6,6,1,1,0
"2GZHRRLFQ0ONOLR3V78OGEGRGJIQHS","Bibliographic Labeling"," ","2BUA1QP6AUC273GS10SXAV0FS5J70P","A2J237J8KM3OCS","Approved","Mon May 14 13:32:38 PDT 2012","Mon May 14 13:33:17 PDT 2012",6,7,1,6,1,6,6,1,0,5
"2GZHRRLFQ0ONOLR3V78OGEGRGJIQHS","Bibliographic Labeling"," ","2Z1746OQ1SNQRXQS1NW1XKCNZ8R4OE","A3A7VZ2Z5EU18R","Approved","Wed May 16 16:42:38 PDT 2012","Wed May 16 16:43:53 PDT 2012",6,6,1,6,1,6,6,1,1,0
"2GZHRRLFQ0ONOLR3V78OGEGRGJIQHS",,,,,,,,6,6,1,6,1,6,6,1,1,0
"2CEJ5OPB0YVG0YY8QYYEW9U36EJY62","Bibliographic Labeling"," ","254NHMVHVKCJ1R16WUVJE9KQ48B530","AWL4GVQNG6AOW","Approved","Sat May 12 07:03:49 PDT 2012","Sat May 12 07:05:40 PDT 2012",6,2,0,6,4,5,6,6,5,7
"2CEJ5OPB0YVG0YY8QYYEW9U36EJY62","Bibliographic Labeling"," ","2XDVWJ5OPB0YW6ZUS9NBEEP9283W4R","A2O543PJ8110HB","Approved","Mon May 14 11:43:59 PDT 2012","Mon May 14 11:46:33 PDT 2012",0,0,0,0,4,0,0,6,4,7
"2CEJ5OPB0YVG0YY8QYYEW9U36EJY62","Bibliographic Labeling"," ","2XIY2RCJK63ZW433LNBUPAQ9RQAV64","A2J237J8KM3OCS","Approved","Mon May 14 13:04:15 PDT 2012","Mon May 14 13:05:07 PDT 2012",6,6,0,6,4,6,6,6,4,7
"2CEJ5OPB0YVG0YY8QYYEW9U36EJY62","Bibliographic Labeling"," ","2B0N46UXFCD46NC0NA4SUTKIV9NUSR","A1SOTDKP7FMZUK","Approved","Tue May 15 22:45:06 PDT 2012","Tue May 15 22:45:40 PDT 2012",6,6,0,6,6,6,6,6,6,7
"2CEJ5OPB0YVG0YY8QYYEW9U36EJY62","Bibliographic Labeling"," ","2OJSQV66RLPHJJ33PJ1VRI62VQ8D5O","A3A7VZ2Z5EU18R","Approved","Wed May 16 11:24:27 PDT 2012","Wed May 16 11:25:27 PDT 2012",6,6,0,6,6,6,6,6,6,7
"2CEJ5OPB0YVG0YY8QYYEW9U36EJY62",,,,,,,,6,6,0,6,6,6,6,6,6,7
"28G0LWSBRI8IV12KOWZJOSTLGFXD1B","Bibliographic Labeling"," ","2RHCGJ2D21O3XVX3U6GPZI2K6JSC6K","A1SOTDKP7FMZUK","Approved","Mon May 14 11:42:56 PDT 2012","Mon May 14 11:43:43 PDT 2012",7,1,7,1,1,6,6,2,6,6
"28G0LWSBRI8IV12KOWZJOSTLGFXD1B","Bibliographic Labeling"," ","2EYOQ1SNQQ7Q7X0RVDBCUR121VER73","A2O543PJ8110HB","Approved","Mon May 14 11:54:31 PDT 2012","Mon May 14 11:55:24 PDT 2012",7,1,7,1,1,7,7,6,6,6
"28G0LWSBRI8IV12KOWZJOSTLGFXD1B","Bibliographic Labeling"," ","2SCMN9U8P9Y39JWIR5US1YIM8O0EVA","A2J237J8KM3OCS","Approved","Mon May 14 13:23:14 PDT 2012","Mon May 14 13:23:48 PDT 2012",7,1,7,1,1,7,7,6,6,6
"28G0LWSBRI8IV12KOWZJOSTLGFXD1B","Bibliographic Labeling"," ","2HUJENLVWJ5OQ10KP3Q85MWBFLFS0K","A3A7VZ2Z5EU18R","Approved","Wed May 16 17:00:35 PDT 2012","Wed May 16 17:01:33 PDT 2012",7,1,7,1,1,6,6,6,6,6
"28G0LWSBRI8IV12KOWZJOSTLGFXD1B","Bibliographic Labeling"," ","22FTL0XULRGNU1JPG94XCFP7VG2P3C","A20W88QAQWFW26","Approved","Fri May 18 22:37:04 PDT 2012","Fri May 18 22:43:44 PDT 2012",7,0,7,0,0,6,6,2,2,2
"28G0LWSBRI8IV12KOWZJOSTLGFXD1B",,,,,,,,7,1,7,1,1,6,6,6,6,6
"2AKD5NQYN5F3RQJ2ZGPMUCWYGGMB70","Bibliographic Labeling"," ","2YP7H57DZKPFFUE2744M95L8QEQC23","A2O543PJ8110HB","Approved","Mon May 14 11:41:17 PDT 2012","Mon May 14 11:42:23 PDT 2012",6,0,6,6,6,6,6,3,3,3
"2AKD5NQYN5F3RQJ2ZGPMUCWYGGMB70","Bibliographic Labeling"," ","2FKW6NG1FS3NZDJXS2SF6SZLA2VYKK","AWL4GVQNG6AOW","Approved","Mon May 14 12:42:20 PDT 2012","Mon May 14 12:43:30 PDT 2012",2,2,2,2,2,2,5,3,3,3
"2AKD5NQYN5F3RQJ2ZGPMUCWYGGMB70","Bibliographic Labeling"," ","2PKVGULF395SXWN2V2J3UYNJJ3LBPL","A2J237J8KM3OCS","Approved","Mon May 14 13:12:16 PDT 2012","Mon May 14 13:12:58 PDT 2012",6,6,6,6,6,6,6,3,3,3
"2AKD5NQYN5F3RQJ2ZGPMUCWYGGMB70","Bibliographic Labeling"," ","2UXUFJ51Y7QEPPFKKFSCZTMON4TADB","A1SOTDKP7FMZUK","Approved","Wed May 16 02:04:06 PDT 2012","Wed May 16 02:04:52 PDT 2012",6,6,6,6,6,6,6,3,3,3
"2AKD5NQYN5F3RQJ2ZGPMUCWYGGMB70","Bibliographic Labeling"," ","2NUAC9KSSZVXYSQQZHLKXOYGVPN2KY","A3A7VZ2Z5EU18R","Approved","Wed May 16 16:58:03 PDT 2012","Wed May 16 17:00:14 PDT 2012",6,5,6,6,6,6,6,3,3,3
"2AKD5NQYN5F3RQJ2ZGPMUCWYGGMB70",,,,,,,,6,5,6,6,6,6,6,3,3,3
"2HAPW1INMHGYRUJPHX26IFMFK0AI50","Bibliographic Labeling"," ","26XXH0JPPSI2LOEBFFG7CKLME1MHN8","A2O543PJ8110HB","Approved","Mon May 14 11:55:24 PDT 2012","Mon May 14 11:56:12 PDT 2012",1,6,0,1,7,7,1,0,1,0
"2HAPW1INMHGYRUJPHX26IFMFK0AI50","Bibliographic Labeling"," ","2CFJQ2172Z99R76XE83VLBU1BOTRZX","A2J237J8KM3OCS","Approved","Mon May 14 13:13:32 PDT 2012","Mon May 14 13:14:12 PDT 2012",1,6,0,1,7,7,1,1,1,0
"2HAPW1INMHGYRUJPHX26IFMFK0AI50","Bibliographic Labeling"," ","2I6R9Y8TNKIM0IMRE28S9OM0XL1V8R","AWL4GVQNG6AOW","Approved","Mon May 14 13:15:27 PDT 2012","Mon May 14 13:17:29 PDT 2012",1,5,0,1,7,7,1,0,1,0
"2HAPW1INMHGYRUJPHX26IFMFK0AI50","Bibliographic Labeling"," ","2XW6UXFCD45XD4T97FETRIN31L0UWL","A3A7VZ2Z5EU18R","Approved","Mon May 14 16:33:21 PDT 2012","Mon May 14 16:36:21 PDT 2012",1,2,0,1,6,6,1,0,1,0
"2HAPW1INMHGYRUJPHX26IFMFK0AI50","Bibliographic Labeling"," ","24IIHPCGJ2D22E3IZK80QPPSQAZ93C","A1SOTDKP7FMZUK","Approved","Thu May 17 10:43:41 PDT 2012","Thu May 17 10:44:32 PDT 2012",1,6,0,1,6,6,1,0,1,0
"2HAPW1INMHGYRUJPHX26IFMFK0AI50",,,,,,,,1,6,0,1,6,6,1,0,1,0
"2ZCUU00OQKKA58IE2FTU9680J8BWW1","Bibliographic Labeling"," ","2PD6VCPWZ9RNEMIAPOJ7ZN3D1IBPA9","A2O543PJ8110HB","Approved","Sat May 12 12:32:08 PDT 2012","Sat May 12 12:34:32 PDT 2012",7,0,1,6,2,1,5,5,1,0
"2ZCUU00OQKKA58IE2FTU9680J8BWW1","Bibliographic Labeling"," ","29EAZHHRRLFQ1EN9PE81RHO9MLTENO","A1SOTDKP7FMZUK","Approved","Mon May 14 11:27:35 PDT 2012","Mon May 14 11:28:47 PDT 2012",6,0,1,6,0,1,0,0,1,0
"2ZCUU00OQKKA58IE2FTU9680J8BWW1","Bibliographic Labeling"," ","2OWEGDHDM25L9899TJXHLZ6OM9VND7","AWL4GVQNG6AOW","Approved","Mon May 14 12:56:41 PDT 2012","Mon May 14 12:58:06 PDT 2012",7,0,1,2,0,1,0,0,1,0
"2ZCUU00OQKKA58IE2FTU9680J8BWW1","Bibliographic Labeling"," ","2BP3V0FK0COK39ENGUGKR9LR4BUHOQ","A2J237J8KM3OCS","Approved","Mon May 14 13:18:27 PDT 2012","Mon May 14 13:19:06 PDT 2012",6,0,1,6,0,1,0,0,1,0
"2ZCUU00OQKKA58IE2FTU9680J8BWW1","Bibliographic Labeling"," ","2AGNNVRH1KHOA4GD5UXN29LK4DFPYS","A3A7VZ2Z5EU18R","Approved","Tue May 15 17:02:29 PDT 2012","Tue May 15 17:03:59 PDT 2012",6,0,1,6,0,1,0,0,1,0
"2ZCUU00OQKKA58IE2FTU9680J8BWW1",,,,,,,,6,0,1,6,0,1,0,0,1,0
"2L0XKO2L92HEDMASRQPOJCF0H1HFE7","Bibliographic Labeling"," ","2E66AUBXHWSH85LV3I2Z3DRL59S3ZI","AD8UJKT5HYGNJ","Approved","Sun May 13 20:05:01 PDT 2012","Sun May 13 20:08:14 PDT 2012",6,6,6,6,6,6,6,6,6,6
"2L0XKO2L92HEDMASRQPOJCF0H1HFE7","Bibliographic Labeling"," ","2N867D1X3V0FLQCAEPAE8M7PSPAJCV","A1SOTDKP7FMZUK","Approved","Mon May 14 11:26:28 PDT 2012","Mon May 14 11:26:55 PDT 2012",6,6,6,6,6,6,6,6,6,6
"2L0XKO2L92HEDMASRQPOJCF0H1HFE7","Bibliographic Labeling"," ","2V12HECWA6X3ZECY9N3PCKXP1NPLKD","A2O543PJ8110HB","Approved","Mon May 14 11:38:14 PDT 2012","Mon May 14 11:39:22 PDT 2012",6,6,6,0,6,6,6,6,6,6
"2L0XKO2L92HEDMASRQPOJCF0H1HFE7","Bibliographic Labeling"," ","2I64BLYHVI44PI26FHZDUEZSJFVV17","A2J237J8KM3OCS","Approved","Mon May 14 13:14:13 PDT 2012","Mon May 14 13:14:57 PDT 2012",6,6,6,6,6,6,6,6,6,6
"2L0XKO2L92HEDMASRQPOJCF0H1HFE7","Bibliographic Labeling"," ","2IBVCNHMVHVKD90NV7T7BJ79SWF13V","A3A7VZ2Z5EU18R","Approved","Tue May 15 17:04:02 PDT 2012","Tue May 15 17:05:25 PDT 2012",6,6,6,6,6,6,6,6,6,6
"2L0XKO2L92HEDMASRQPOJCF0H1HFE7",,,,,,,,6,6,6,6,6,6,6,6,6,6
"2Z3KH1Q6SVQ8IY88KHXLCOBVHUDL2G","Bibliographic Labeling"," ","20TSNQQ7Q6706RQ66AI19TQC92OUA1","A2O543PJ8110HB","Approved","Mon May 14 11:56:12 PDT 2012","Mon May 14 11:57:06 PDT 2012",6,6,6,6,6,1,6,1,1,1
"2Z3KH1Q6SVQ8IY88KHXLCOBVHUDL2G","Bibliographic Labeling"," ","21Q0LWSBRI8IV12KOWZJOSTLJ8Q1DD","AWL4GVQNG6AOW","Approved","Mon May 14 12:49:59 PDT 2012","Mon May 14 12:51:24 PDT 2012",5,5,2,6,5,1,5,1,1,1
"2Z3KH1Q6SVQ8IY88KHXLCOBVHUDL2G","Bibliographic Labeling"," ","2Z8SNTL0XULRHDTXDQDMKX5FXCUN1J","A2J237J8KM3OCS","Approved","Mon May 14 13:31:59 PDT 2012","Mon May 14 13:32:38 PDT 2012",6,6,6,6,6,1,6,1,1,1
"2Z3KH1Q6SVQ8IY88KHXLCOBVHUDL2G","Bibliographic Labeling"," ","2U4CVLL3CA33N7ABKR39UQU753S9ZZ","A3A7VZ2Z5EU18R","Approved","Tue May 15 11:30:26 PDT 2012","Tue May 15 11:32:42 PDT 2012",6,6,6,6,6,1,6,1,1,1
"2Z3KH1Q6SVQ8IY88KHXLCOBVHUDL2G","Bibliographic Labeling"," ","2MOA6X3YOCCF12PREKGTPNII56UPQP","A1SOTDKP7FMZUK","Approved","Thu May 17 10:34:16 PDT 2012","Thu May 17 10:35:13 PDT 2012",6,6,6,6,5,1,5,1,1,1
"2Z3KH1Q6SVQ8IY88KHXLCOBVHUDL2G",,,,,,,,6,6,6,6,5,1,6,1,1,1
"2T46IAA2SEIUVK0MIDBKH4IIXK4NNB","Bibliographic Labeling"," ","2GAAA2SEIUUU1QOCE714PIS804TPP7","AD8UJKT5HYGNJ","Approved","Sat May 12 22:46:18 PDT 2012","Sat May 12 22:49:34 PDT 2012",1,6,1,1,6,6,6,6,4,2
"2T46IAA2SEIUVK0MIDBKH4IIXK4NNB","Bibliographic Labeling"," ","2TUD21O3W5XH19PBM5TK5EPL0TAGAM","A2O543PJ8110HB","Approved","Sun May 13 12:18:54 PDT 2012","Sun May 13 12:20:09 PDT 2012",0,7,0,0,7,6,0,5,0,6
"2T46IAA2SEIUVK0MIDBKH4IIXK4NNB","Bibliographic Labeling"," ","2OWBLYHVI44OTSK7OV4NLZSBIT8W2U","AWL4GVQNG6AOW","Approved","Sun May 13 12:55:37 PDT 2012","Sun May 13 12:57:59 PDT 2012",1,7,0,0,7,7,6,7,2,2
"2T46IAA2SEIUVK0MIDBKH4IIXK4NNB","Bibliographic Labeling"," ","25CI62NJQ2173P9VK4XBRLCVMGVNV2","A1SOTDKP7FMZUK","Approved","Mon May 14 11:23:04 PDT 2012","Mon May 14 11:24:05 PDT 2012",5,6,0,0,6,2,6,2,6,6
"2T46IAA2SEIUVK0MIDBKH4IIXK4NNB","Bibliographic Labeling"," ","2OJSQV66RLPHJJ33PJ1VRI62VOWD58","A2J237J8KM3OCS","Approved","Mon May 14 13:31:15 PDT 2012","Mon May 14 13:31:59 PDT 2012",6,7,0,0,7,6,6,6,6,6
"2T46IAA2SEIUVK0MIDBKH4IIXK4NNB",,,,,,,,5,6,0,0,6,6,6,6,5,6
"2C6K5UFJ51Y7R4OL9LHS8CSTR0SB8N","Bibliographic Labeling"," ","2XEHGYQ4J3NACWB1G26O5YIT9XNBO0","AWL4GVQNG6AOW","Approved","Sun May 13 12:52:03 PDT 2012","Sun May 13 12:53:46 PDT 2012",2,2,6,6,6,1,6,3,3,6
"2C6K5UFJ51Y7R4OL9LHS8CSTR0SB8N","Bibliographic Labeling"," ","21FDWIOV1S7SOTDFAHS35DZ8VC9YJX","AD8UJKT5HYGNJ","Approved","Sun May 13 20:08:17 PDT 2012","Sun May 13 20:13:49 PDT 2012",2,6,2,4,4,1,6,3,3,2
"2C6K5UFJ51Y7R4OL9LHS8CSTR0SB8N","Bibliographic Labeling"," ","2WNHVKCJ011K3X451WBQ3618V9779V","A1SOTDKP7FMZUK","Approved","Mon May 14 11:15:08 PDT 2012","Mon May 14 11:16:15 PDT 2012",2,6,6,6,6,1,6,3,3,6
"2C6K5UFJ51Y7R4OL9LHS8CSTR0SB8N","Bibliographic Labeling"," ","2LSHFL42J1LY6YBTWUD0PGFKPI42NB","A2O543PJ8110HB","Approved","Mon May 14 11:53:35 PDT 2012","Mon May 14 11:54:12 PDT 2012",6,6,6,6,6,1,6,3,3,5
"2C6K5UFJ51Y7R4OL9LHS8CSTR0SB8N","Bibliographic Labeling"," ","2T12NJKM05BMKJU3SJTG0P9RICXGBL","A2J237J8KM3OCS","Approved","Mon May 14 13:12:58 PDT 2012","Mon May 14 13:13:32 PDT 2012",6,6,6,6,6,1,6,3,3,6
"2C6K5UFJ51Y7R4OL9LHS8CSTR0SB8N",,,,,,,,6,6,6,6,6,1,6,3,2,6
"2GOR70G5R98D993H8UNSZTNYHSERBD","Bibliographic Labeling"," ","2LDYHVI44OS2LBUU7A5ZZBAPDDA4YZ","A1SOTDKP7FMZUK","Approved","Sat May 12 06:22:08 PDT 2012","Sat May 12 06:23:40 PDT 2012",6,6,6,6,6,1,6,0,0,6
"2GOR70G5R98D993H8UNSZTNYHSERBD","Bibliographic Labeling"," ","2OQ5COW0LGRZ4YCD98362NUZ4IT7YL","A2O543PJ8110HB","Approved","Mon May 14 11:48:38 PDT 2012","Mon May 14 11:49:54 PDT 2012",0,7,0,0,0,1,6,0,6,7
"2GOR70G5R98D993H8UNSZTNYHSERBD","Bibliographic Labeling"," ","2SY2NJQ2172ZAZQ30YBLJVEB26APX9","A2J237J8KM3OCS","Approved","Mon May 14 13:30:00 PDT 2012","Mon May 14 13:30:37 PDT 2012",0,7,7,7,7,1,6,0,0,7
"2GOR70G5R98D993H8UNSZTNYHSERBD","Bibliographic Labeling"," ","2N0XMB3Q39Z0CWUFITK4LVST3Y9ITT","A3A7VZ2Z5EU18R","Approved","Wed May 16 16:49:31 PDT 2012","Wed May 16 16:51:37 PDT 2012",6,6,6,6,6,1,2,0,0,6
"2GOR70G5R98D993H8UNSZTNYHSERBD","Bibliographic Labeling"," ","2UG2L92HECWA7N3KIZ3F7CP5S8HIHU","A1KX1EE9O0JFC","Approved","Mon May 21 01:06:03 PDT 2012","Mon May 21 01:09:09 PDT 2012",6,6,6,6,6,1,6,0,0,6
"2GOR70G5R98D993H8UNSZTNYHSERBD",,,,,,,,6,6,6,6,6,1,6,0,0,6
"2KZVWAVKI62NKG2N1PQ9GQH6GWXQIL","Bibliographic Labeling"," ","2THPSI2KYEPLTF7RE8D63J3OIMQMSV","AWL4GVQNG6AOW","Approved","Mon May 14 10:49:25 PDT 2012","Mon May 14 11:09:46 PDT 2012",5,7,0,2,1,7,7,0,1,5
"2KZVWAVKI62NKG2N1PQ9GQH6GWXQIL","Bibliographic Labeling"," ","2XIQ7Q67051QL2NDVPKQJ1XMON1XDX","A1SOTDKP7FMZUK","Approved","Mon May 14 11:14:10 PDT 2012","Mon May 14 11:15:04 PDT 2012",1,6,0,6,1,6,6,0,1,6
"2KZVWAVKI62NKG2N1PQ9GQH6GWXQIL","Bibliographic Labeling"," ","224XKNQY2RCJLW3LP1UHY0KUQFSR2N","A2O543PJ8110HB","Approved","Mon May 14 11:51:39 PDT 2012","Mon May 14 11:52:49 PDT 2012",1,7,0,6,1,7,7,0,1,6
"2KZVWAVKI62NKG2N1PQ9GQH6GWXQIL","Bibliographic Labeling"," ","2AKPW1INMHGYRUJPHX26IFMFNT4I5F","A2J237J8KM3OCS","Approved","Mon May 14 13:26:29 PDT 2012","Mon May 14 13:27:13 PDT 2012",1,7,0,6,1,6,6,0,1,6
"2KZVWAVKI62NKG2N1PQ9GQH6GWXQIL","Bibliographic Labeling"," ","2RKTLB3L0FBJA8OXD1ARLVE5ZWGKWW","A3A7VZ2Z5EU18R","Approved","Wed May 16 16:40:38 PDT 2012","Wed May 16 16:42:22 PDT 2012",1,6,0,6,1,6,6,0,1,2
"2KZVWAVKI62NKG2N1PQ9GQH6GWXQIL",,,,,,,,1,6,0,6,1,6,6,0,1,2
"2U0PDOBDDP8PKMKG70ZXTB3Q8LBD2S","Bibliographic Labeling"," ","25EEC1PC6SK9S98RIM9ZLHMAITQ0O3","AWL4GVQNG6AOW","Approved","Sun May 13 12:44:38 PDT 2012","Sun May 13 12:49:45 PDT 2012",0,0,7,2,1,1,1,6,0,1
"2U0PDOBDDP8PKMKG70ZXTB3Q8LBD2S","Bibliographic Labeling"," ","2LVQ39Z0B6UTPWTQ8IJT2RKGX1TXMF","A1SOTDKP7FMZUK","Approved","Mon May 14 11:16:19 PDT 2012","Mon May 14 11:16:51 PDT 2012",0,0,6,2,1,1,1,2,0,1
"2U0PDOBDDP8PKMKG70ZXTB3Q8LBD2S","Bibliographic Labeling"," ","2KYX3YOCCF0CQVKJJG9NPIXYO9SSRS","A2O543PJ8110HB","Approved","Mon May 14 11:58:29 PDT 2012","Mon May 14 11:59:14 PDT 2012",0,0,6,6,1,1,1,6,0,1
"2U0PDOBDDP8PKMKG70ZXTB3Q8LBD2S","Bibliographic Labeling"," ","27VYOCCF0CP5LNPFCA9I4YG4XRDTUP","A2J237J8KM3OCS","Approved","Mon May 14 13:27:59 PDT 2012","Mon May 14 13:29:06 PDT 2012",0,0,7,6,6,1,1,6,5,1
"2U0PDOBDDP8PKMKG70ZXTB3Q8LBD2S","Bibliographic Labeling"," ","2A85R98D8J3VFXWEMGEYJG3MKQVFVB","A3A7VZ2Z5EU18R","Approved","Tue May 15 19:26:33 PDT 2012","Tue May 15 19:28:13 PDT 2012",0,0,6,6,1,1,1,6,0,1
"2U0PDOBDDP8PKMKG70ZXTB3Q8LBD2S",,,,,,,,0,0,6,6,1,1,1,6,0,1
